eina,01100101011010010110111001100001
udhb,01110101011001000110100001100010
hkqs,01101000011010110111000101110011
qbma,01110001011000100110110101100001
nrmv,01101110011100100110110101110110
mgec,01101101011001110110010101100011
ewos,01100101011101110110111101110011
ovbj,01101111011101100110001001101010
uuqw,01110101011101010111000101110111
jkwd,01101010011010110111011101100100
kowl,01101011011011110111011101101100
nnjy,01101110011011100110101001111001
qmjw,01110001011011010110101001110111
zomo,01111010011011110110110101101111
igvk,01101001011001110111011001101011
oeqb,01101111011001010111000101100010
kahx,01101011011000010110100001111000
atjj,01100001011101000110101001101010
scor,01110011011000110110111101110010
zyja,01111010011110010110101001100001
xkax,01111000011010110110000101111000
qtfp,01110001011101000110011001110000
zzks,01111010011110100110101101110011
crhw,01100011011100100110100001110111
uvgh,01110101011101100110011101101000
bjoc,01100010011010100110111101100011
lqcx,01101100011100010110001101111000
ksno,01101011011100110110111001101111
lllt,01101100011011000110110001110100
qjhf,01110001011010100110100001100110
pcug,01110000011000110111010101100111
pkwz,01110000011010110111011101111010
wpax,01110111011100000110000101111000
meog,01101101011001010110111101100111
vebr,01110110011001010110001001110010
kbse,01101011011000100111001101100101
zftu,01111010011001100111010001110101
aumb,01100001011101010110110101100010
dsrm,01100100011100110111001001101101
jvit,01101010011101100110100101110100
teyo,01110100011001010111100101101111
ybql,01111001011000100111000101101100
ycoa,01111001011000110110111101100001
luaw,01101100011101010110000101110111
bwbo,01100010011101110110001001101111
dzvv,01100100011110100111011001110110
ibrh,01101001011000100111001001101000
bfen,01100010011001100110010101101110
tupj,01110100011101010111000001101010
sfbv,01110011011001100110001001110110
dqkb,01100100011100010110101101100010
frdb,01100110011100100110010001100010
gbmj,01100111011000100110110101101010
ftri,01100110011101000111001001101001
twdj,01110100011101110110010001101010
qrii,01110001011100100110100101101001
ckhm,01100011011010110110100001101101
ztpp,01111010011101000111000001110000
frzw,01100110011100100111101001110111
pqby,01110000011100010110001001111001
tckp,01110100011000110110101101110000
xgba,01111000011001110110001001100001
lfbr,01101100011001100110001001110010
azbz,01100001011110100110001001111010
kqtd,01101011011100010111010001100100
ugrg,01110101011001110111001001100111
blwf,01100010011011000111011101100110
pdpl,01110000011001000111000001101100
mzfw,01101101011110100110011001110111
jpan,01101010011100000110000101101110
wcwp,01110111011000110111011101110000
ddzf,01100100011001000111101001100110
mvff,01101101011101100110011001100110
putb,01110000011101010111010001100010
oqvh,01101111011100010111011001101000
rcut,01110010011000110111010101110100
kaij,01101011011000010110100101101010
wpql,01110111011100000111000101101100
kigz,01101011011010010110011101111010
mfkt,01101101011001100110101101110100
koao,01101011011011110110000101101111
lgqn,01101100011001110111000101101110
jght,01101010011001110110100001110100
gdaw,01100111011001000110000101110111
tmau,01110100011011010110000101110101
xhuc,01111000011010000111010101100011
kluy,01101011011011000111010101111001
lpla,01101100011100000110110001100001
mpdw,01101101011100000110010001110111
vvzk,01110110011101100111101001101011
jcdt,01101010011000110110010001110100
wkio,01110111011010110110100101101111
gfcy,01100111011001100110001101111001
ueac,01110101011001010110000101100011
dfbz,01100100011001100110001001111010
ebpf,01100101011000100111000001100110
bxwx,01100010011110000111011101111000
nunw,01101110011101010110111001110111
pczc,01110000011000110111101001100011
qbca,01110001011000100110001101100001
bmio,01100010011011010110100101101111
nift,01101110011010010110011001110100
